Title,Company,Location,Job Location,Posted,Applicants,Seniority,Employment Type,Job URL
"Software Developer","SKELIA TECHNOLOGIES","Bangalore","","","","","","https://www.linkedin.com/jobs/view/4340254891"
"39546-69808 -Growth-SF-Software Engineer II (IND)","Carelon Global Solutions India","Bangalore","","","","","","https://www.linkedin.com/jobs/view/4336002155"
"Software Engineer 1","Intuit","Bangalore","","","","","","https://www.linkedin.com/jobs/view/4322078639"
"Senior Software Engineer - GoLang Developer","Sutherland","Bangalore","","","","","","https://www.linkedin.com/jobs/view/4335743534"
"Software Engineer","Care.fi","Bangalore","","","","","","https://www.linkedin.com/jobs/view/4322048608"
"Full Stack Developer (Python, AWS, Flask, MongoDB)","eShipz","Bangalore","","","","","","https://www.linkedin.com/jobs/view/4322098564"
"Software Developer ( Walkin on November 15, 2025)","ElasticDevs","Bangalore","","","","","","https://www.linkedin.com/jobs/view/4322056473"
"Full Stack Software Developer - React Native /Android/iOS (Part Time)","NUSHOOT LLP","Bangalore","","","","","","https://www.linkedin.com/jobs/view/4318371370"
"Software Engineer AI","Advisor360°","Bangalore","","","","","","https://www.linkedin.com/jobs/view/4316232233"
"Full Stack Developer (Mid-Level)","4baseCare","Bangalore","","","","","","https://www.linkedin.com/jobs/view/4322116481"
"Software Engineer 2","Archer Integrated Risk Management","Bangalore","","","","","","https://www.linkedin.com/jobs/view/4340533723"
"Software Engineer - Java Fullstack Angular","EPAM Systems","Bangalore","","","","","","https://www.linkedin.com/jobs/view/4311462564"
"Software Engineer 1","PowerSchool","Bangalore","","","","","","https://www.linkedin.com/jobs/view/4296718224"
"Software Engineer 1 - Platform","Rippling","Bangalore","","","","","","https://www.linkedin.com/jobs/view/4322166487"
"Full Stack Engineer - React with Java","Innova ESI","Bangalore","","","","","","https://www.linkedin.com/jobs/view/4335990795"
"Software Engineer","Vandelay Technologies India Private Limited","Bangalore","","","","","","https://www.linkedin.com/jobs/view/4322256234"
"Software Engineer","Tacten.co","Bangalore","","","","","","https://www.linkedin.com/jobs/view/4322206260"
"Java Full stack Developer","Qualitest","Bangalore","","","","","","https://www.linkedin.com/jobs/view/4339902767"
"System Software Engineer - GPU/SoC Profiling","NVIDIA","Pune","","","","","","https://www.linkedin.com/jobs/view/4287840292"
"Software Engineer, Backend","DoorDash","Pune","","","","","","https://www.linkedin.com/jobs/view/4084261319"
"Software Engineer, Frontend","DoorDash","Pune","","","","","","https://www.linkedin.com/jobs/view/4248552076"
"Software Engineer - Java Fullstack Angular","EPAM Systems","Pune","","","","","","https://www.linkedin.com/jobs/view/4311470448"
"Software Engineer 1","Emerson","Pune","","","","","","https://www.linkedin.com/jobs/view/4335990462"
"Specialist Software Engineer, Actimize","NiCE","Pune","","","","","","https://www.linkedin.com/jobs/view/4340523027"
"Associate Software Engineer","Light & Wonder","Pune","","","","","","https://www.linkedin.com/jobs/view/4335900261"
"Associate Software Engineer","Light & Wonder","Pune","","","","","","https://www.linkedin.com/jobs/view/4335829878"
"Associate Software Engineer","Light & Wonder","Pune","","","","","","https://www.linkedin.com/jobs/view/4335769892"
"Full Stack Engineer","Terra Technology Circle Consulting Private Limited","Pune","","","","","","https://www.linkedin.com/jobs/view/4340412958"
"Node.JS Engineer","Workassist","Pune","","","","","","https://www.linkedin.com/jobs/view/4335649509"
"Software Engineer","MPencil","Pune","","","","","","https://www.linkedin.com/jobs/view/4322082753"
"Senior Software Engineer","Barclays","Pune","","","","","","https://www.linkedin.com/jobs/view/4340231607"
"Java Full Stack Developer","BNP Paribas","Mumbai","","","","","","https://www.linkedin.com/jobs/view/4335862338"
"Junior Software Developer","Linfox Asia","Mumbai","","","","","","https://www.linkedin.com/jobs/view/4335708424"
"Development Specialist","Datacore Technologies","Mumbai","","","","","","https://www.linkedin.com/jobs/view/4320681345"
"JDE S&D Functional (WALKIN)","Tata Consultancy Services","Mumbai","","","","","","https://www.linkedin.com/jobs/view/4320363327"
"Backend Engineer (Contractual)","Uplers","Mumbai","","","","","","https://www.linkedin.com/jobs/view/4332778344"
"Sales Consultant","InnovationM","Mumbai","","","","","","https://www.linkedin.com/jobs/view/4331155504"
"React Engineer","Codewinglet Private Limited","Mumbai","","","","","","https://www.linkedin.com/jobs/view/4322205667"
"Digital Marketing Manager","Leemboodi","Mumbai","","","","","","https://www.linkedin.com/jobs/view/4334175730"
"Full Stack Engineer","Paisabazaar","Gurugram","","","","","","https://www.linkedin.com/jobs/view/4340455030"
"Software Engineer in Test","Kavish Technology Pvt Ltd","Gurugram","","","","","","https://www.linkedin.com/jobs/view/4322238732"
"Technical Architect","Synaxis Informatic Tech Solutions","Gurugram","","","","","","https://www.linkedin.com/jobs/view/4336042055"
"Application Developer","apexanalytix","Gurugram","","","","","","https://www.linkedin.com/jobs/view/4273272452"
"Application Engineer - Products","Sterlite Electric","Gurugram","","","","","","https://www.linkedin.com/jobs/view/4338184057"
"Full Stack Engineer","Yaper","Gurugram","","","","","","https://www.linkedin.com/jobs/view/4322151084"
"Full Stack Developer","CirclePe","Gurugram","","","","","","https://www.linkedin.com/jobs/view/4322165879"
"Application Developer","ThoughtSol Infotech Ltd.","Gurugram","","","","","","https://www.linkedin.com/jobs/view/4340512534"
"Custom Software Engineer","Accenture services Pvt Ltd","Gurugram","","","","","","https://www.linkedin.com/jobs/view/4322123093"
"Development Specialist","Datacore Technologies","Gurugram","","","","","","https://www.linkedin.com/jobs/view/4320681345"
"JDE S&D Functional (WALKIN)","Tata Consultancy Services","Gurugram","","","","","","https://www.linkedin.com/jobs/view/4320363327"
"Senior Engineer - AI-Powered Search","Uplers","Gurugram","","","","","","https://www.linkedin.com/jobs/view/4332937464"
"Sales Consultant","InnovationM","Gurugram","","","","","","https://www.linkedin.com/jobs/view/4331155504"
"React Engineer","Codewinglet Private Limited","Gurugram","","","","","","https://www.linkedin.com/jobs/view/4322205667"
"Software Engineer (Java, Python, Microservices, Agentic AI, AWS)","360tf","Ahmedabad","","","","","","https://www.linkedin.com/jobs/view/4322108243"
"Software Engineer – Java, Python & Agentic AI","360tf","Ahmedabad","","","","","","https://www.linkedin.com/jobs/view/4322068078"
"Software Engineer – .Net","GrowExx","Ahmedabad","","","","","","https://www.linkedin.com/jobs/view/4340241014"
"Development Specialist","Datacore Technologies","Ahmedabad","","","","","","https://www.linkedin.com/jobs/view/4320681345"
"JDE S&D Functional (WALKIN)","Tata Consultancy Services","Ahmedabad","","","","","","https://www.linkedin.com/jobs/view/4320363327"
"Software Engineer-Kinaxis Author Level","Tech Mahindra","Ahmedabad","","","","","","https://www.linkedin.com/jobs/view/4285077045"
"Sales Consultant","InnovationM","Ahmedabad","","","","","","https://www.linkedin.com/jobs/view/4331155504"
"React Engineer","Codewinglet Private Limited","Ahmedabad","","","","","","https://www.linkedin.com/jobs/view/4322205667"
"Digital Marketing Manager","Leemboodi","Ahmedabad","","","","","","https://www.linkedin.com/jobs/view/4334175730"